iter,f,diff
0,[-5],0.7985957062499252
1,[-9.92857143],1.1102230246251565e-16
