iter,f,diff
0,[30595],140.62276053105958
1,[-9.92857143],6.217248937900877e-15
