iter,f,diff
0,[0],0.6156178561231711
1,[-9.92857143],8.881784197001252e-16
